timestamp, id, price (in eth), price (in wei), from, to, block, tx
2021-03-26 01:14:46 UTC, 2537, 28.600000, 28600000000000000000, 0x4db1dd33159f5f7b9b600fb4a44e19e2976578e3, 0x0000000000000000000000000000000000000000, 12111595, 0x5207bf8c7b199823a363c7fdf7b0780b9823b98693e3f9cc69e74b79eb4e97db
2021-03-26 01:56:29 UTC, 616, 108.000000, 108000000000000000000, 0x4eb676e95a17ee4abe750ed09a4a0a0b9ac26653, 0x0000000000000000000000000000000000000000, 12111774, 0xf1e2128e17c93ec0b2882f434af0af705f2e930ddcf3797e52a55694cbf6ace3
2021-03-26 04:24:00 UTC, 6708, 29.990000, 29990000000000000000, 0x62bdc64a14405e797f86796ea3c2476209ee0bf9, 0xd2aff66959ee0e6f92ee02d741071ddb5084bebb, 12112421, 0xfb0a94758889a576bb8cec49b36c64a109d77d112faeb18d55b3b223eb4e33ee
2021-03-26 05:44:09 UTC, 4202, 27.500000, 27500000000000000000, 0xef784caf2d2001fb8fbb9678f9a0a1b83cd582dc, 0x0000000000000000000000000000000000000000, 12112807, 0x2d9e64e3c1d11e777981b96afcce473c9785e7be81700d148414eebfb6c0e54a
2021-03-26 10:16:07 UTC, 9673, 20.000000, 20000000000000000000, 0xc77fa6c05b4e472feee7c0f9b20e70c5bf33a99b, 0xe73b3da074c633684781f98d84a7457aa4c25588, 12114033, 0x9a407fdee9fe50c438b22d5e0b43859023ba780148f3548948b1258e6883ea40
2021-03-26 10:35:38 UTC, 7876, 19.490000, 19490000000000000000, 0xee3766e4f996dc0e0f8c929954eaafef3441de87, 0xa06bd718818fdb24edf4a32e509fc911b5784881, 12114113, 0x91fb620f76347f694e71e440d1732c5ca293f37b30955e4dc31c848ade1672dc
2021-03-26 13:40:01 UTC, 6718, 20.000000, 20000000000000000000, 0xf4a77526323f58fa3d215385281ea4ca4a93ed22, 0x0000000000000000000000000000000000000000, 12114929, 0x071f9cc94dbd6b319f08b2e083ed30f9bc55b42f6b26e5eb2282b0d101f74bc2
2021-03-26 13:50:53 UTC, 1315, 35.000000, 35000000000000000000, 0x0b88fd87884080bd6d93d341fcca0eea76b03e75, 0x50664ede715e131f584d3e7eaabd7818bb20a068, 12114983, 0xc8f7812420fc4bd5a0949d118c77ac08640cca638a9600c5416ffa22359928af
2021-03-26 14:39:03 UTC, 839, 19.980000, 19980000000000000000, 0xddfdcb21c935e8432a559cf689c83695b27a4177, 0xede64a571cfe98b936271b935a955620f387e05a, 12115222, 0x256af9b72eca51d29a2315f26d631943354ee2ce6a4264e106ee8262e0ae7715
2021-03-26 18:34:18 UTC, 8468, 25.000000, 25000000000000000000, 0x9cfd46caf2eddb8ff04086f04e5743e4ba98a5d5, 0x0000000000000000000000000000000000000000, 12116294, 0x65d44cba8eeea6c08db27668fd005c100f2178d19bf110a89ab567de09a375fd
2021-03-26 19:01:09 UTC, 6878, 18.500000, 18500000000000000000, 0xffe6788be411c4353b3b2c546d0401d4d8b2b3ed, 0x0000000000000000000000000000000000000000, 12116419, 0xb92991f2cdd7afb1c96ea0bed9ee3fa5c9a6ed9218d11fa52ae40e21d53a5a85
2021-03-26 20:21:12 UTC, 8586, 19.700000, 19700000000000000000, 0x6fcade9de3ab9a1e57eab1684cf30e2ceba234fb, 0x7d9e9a9bc517d2d9f36928f10518df375323265c, 12116780, 0x531e23c9433066aecf2f7e13d6a1111d00b65af0b2e6ecf0e1e5990c6bd1a0fb
2021-03-26 22:02:54 UTC, 5626, 42.000000, 42000000000000000000, 0xce3ecc2d77bd6a95ccac562f060a5dde6ef4de0f, 0x696ed7b26f4b019ceec78dc8b9140ad64a6f354b, 12117252, 0xc9c52ae70c6919bfb47488831e0f96f5bd8db4d8e0d5575f2e0a08a29afdd8a0
2021-03-26 22:05:58 UTC, 8166, 23.500000, 23500000000000000000, 0x596572fb0e85ed15c2e5fc0f126878cf6b6b95f4, 0x0000000000000000000000000000000000000000, 12117267, 0x5e7e8b07b0a0d3e2c3ea599d3e759590a99436679af7b5c45666571ec143e6aa
2021-03-26 22:49:10 UTC, 6092, 18.500000, 18500000000000000000, 0xca8fe4acb1cb8b5550a3c71ffe2399f6c7016686, 0x0000000000000000000000000000000000000000, 12117454, 0xb80022ae0c8cffb00f5d19bb4cf6839f92799de184f732a719bfa269dee9285e
2021-03-26 22:57:37 UTC, 7565, 23.690000, 23690000000000000000, 0x0ec629733c92aabf20cb25acdb704eb0ab63b844, 0x0000000000000000000000000000000000000000, 12117497, 0x41c04d1f89f7e7d8a079d22c52eeb448c7a7006a20c6a1674fb465605172ab32
